LOSS,VAL_LOSS
0.5480817556381226,0.5596374273300171
0.5343085527420044,0.5504282712936401
0.5252631306648254,0.5422820448875427
