LOSS,VAL_LOSS
0.503903865814209,0.4890057146549225
0.4639853537082672,0.4860779643058777
0.4612274169921875,0.4848799407482147
